"1","0709141028robot1","-49","zotacB1","2015-07-09 14:10:31","robot1","6000","100"
"2","0709141028robot1","-61","zotacD2","2015-07-09 14:10:31","robot1","6000","100"
"3","0709141028robot1","-62","zotacD4","2015-07-09 14:10:31","robot1","6000","100"
"4","0709141028robot1","-69","zotacG2","2015-07-09 14:10:31","robot1","6000","100"
"5","0709141028robot1","-56","zotacB2","2015-07-09 14:10:31","robot1","6000","100"
"6","0709141028robot1","-55","zotacC2","2015-07-09 14:10:31","robot1","6000","100"
"7","0709141028robot1","-67","zotacG4","2015-07-09 14:10:31","robot1","6000","100"
"8","0709141028robot1","-78","zotacj4","2015-07-09 14:10:31","robot1","6000","100"
"9","0709141028robot1","-76","zotacj1","2015-07-09 14:10:31","robot1","6000","100"
"10","0709141028robot1","-72","zotaci2","2015-07-09 14:10:31","robot1","6000","100"
"11","0709141028robot1","-80","zotack2","2015-07-09 14:10:31","robot1","6000","100"
"12","0709141028robot1","-60","zotacD3","2015-07-09 14:10:31","robot1","6000","100"
"13","0709141028robot1","-65","zotacH1","2015-07-09 14:10:31","robot1","6000","100"
"14","0709141028robot1","-62","zotacC4","2015-07-09 14:10:31","robot1","6000","100"
"15","0709141028robot1","-69","zotaci1","2015-07-09 14:10:31","robot1","6000","100"
"16","0709141028robot1","-80","zotack1","2015-07-09 14:10:32","robot1","6000","100"
"17","0709141028robot1","-74","zotaci4","2015-07-09 14:10:32","robot1","6000","100"
"18","0709141028robot1","-70","zotacG1","2015-07-09 14:10:32","robot1","6000","100"
"19","0709141028robot1","-61","zotacD1","2015-07-09 14:10:32","robot1","6000","100"
"20","0709141028robot1","-75","zotach4","2015-07-09 14:10:32","robot1","6000","100"
"21","0709141028robot1","-55","zotacB3","2015-07-09 14:10:32","robot1","6000","100"
"22","0709141028robot1","-62","zotacH1","2015-07-09 14:10:32","robot1","6000","100"
"23","0709141028robot1","-70","zotaci3","2015-07-09 14:10:32","robot1","6000","100"
"24","0709141028robot1","-72","zotacH3","2015-07-09 14:10:32","robot1","6000","100"
"25","0709141028robot1","-77","zotack4","2015-07-09 14:10:32","robot1","6000","100"
"26","0709141028robot1","-73","zotack3","2015-07-09 14:10:32","robot1","6000","100"
"27","0709142420robot1","-48","zotacB1","2015-07-09 14:24:24","robot1","6000","100"
"28","0709142420robot1","-60","zotacD2","2015-07-09 14:24:24","robot1","6000","100"
"29","0709142420robot1","-63","zotacD4","2015-07-09 14:24:24","robot1","6000","100"
"30","0709142420robot1","-70","zotacG2","2015-07-09 14:24:24","robot1","6000","100"
"31","0709142420robot1","-56","zotacB2","2015-07-09 14:24:24","robot1","6000","100"
"32","0709142420robot1","-69","zotacG4","2015-07-09 14:24:24","robot1","6000","100"
"33","0709142420robot1","-78","zotacj4","2015-07-09 14:24:24","robot1","6000","100"
"34","0709142420robot1","-76","zotacj1","2015-07-09 14:24:24","robot1","6000","100"
"35","0709142420robot1","-73","zotaci2","2015-07-09 14:24:24","robot1","6000","100"
"36","0709142420robot1","-80","zotack2","2015-07-09 14:24:24","robot1","6000","100"
"37","0709142420robot1","-59","zotacD3","2015-07-09 14:24:24","robot1","6000","100"
"38","0709142420robot1","-74","zotacH1","2015-07-09 14:24:24","robot1","6000","100"
"39","0709142420robot1","-59","zotacC4","2015-07-09 14:24:24","robot1","6000","100"
"40","0709142420robot1","-80","zotack1","2015-07-09 14:24:24","robot1","6000","100"
"41","0709142420robot1","-75","zotaci4","2015-07-09 14:24:24","robot1","6000","100"
"42","0709142420robot1","-71","zotacG1","2015-07-09 14:24:24","robot1","6000","100"
"43","0709142420robot1","-64","zotacD1","2015-07-09 14:24:24","robot1","6000","100"
"44","0709142420robot1","-54","zotacB3","2015-07-09 14:24:24","robot1","6000","100"
"45","0709142420robot1","-72","zotacH1","2015-07-09 14:24:24","robot1","6000","100"
"46","0709142420robot1","-71","zotaci3","2015-07-09 14:24:24","robot1","6000","100"
"47","0709142420robot1","-72","zotacH3","2015-07-09 14:24:24","robot1","6000","100"
"48","0709142420robot1","-79","zotack3","2015-07-09 14:24:24","robot1","6000","100"
"49","0709142420robot1","-73","zotacj3","2015-07-09 14:24:24","robot1","6000","100"
"50","0709142420robot1","-75","zotacj2","2015-07-09 14:24:24","robot1","6000","100"
"51","0709150823robot5","-55","zotacC2","2015-07-09 15:08:26","robot5","4800","100"
"52","0709150823robot5","-77","zotach4","2015-07-09 15:08:26","robot5","4800","100"
"53","0709150823robot5","-83","zotaci4","2015-07-09 15:08:26","robot5","4800","100"
"54","0709150823robot5","-61","zotacD1","2015-07-09 15:08:26","robot5","4800","100"
"55","0709150823robot5","-65","zotacB2","2015-07-09 15:08:26","robot5","4800","100"
"56","0709150823robot5","-63","zotacD2","2015-07-09 15:08:26","robot5","4800","100"
"57","0709150823robot5","-69","zotacD4","2015-07-09 15:08:26","robot5","4800","100"
"58","0709150823robot5","-63","zotacB3","2015-07-09 15:08:26","robot5","4800","100"
"59","0709150823robot5","-67","zotacB1","2015-07-09 15:08:26","robot5","4800","100"
"60","0709150823robot5","-73","zotacG2","2015-07-09 15:08:26","robot5","4800","100"
"61","0709150823robot5","-70","zotacH1","2015-07-09 15:08:26","robot5","4800","100"
"62","0709150823robot5","-76","zotacH1","2015-07-09 15:08:26","robot5","4800","100"
"63","0709150823robot5","-75","zotacG1","2015-07-09 15:08:26","robot5","4800","100"
"64","0709150823robot5","-79","zotacG4","2015-07-09 15:08:26","robot5","4800","100"
"65","0709150823robot5","-81","zotaci1","2015-07-09 15:08:27","robot5","4800","100"
"66","0709150823robot5","-77","zotacH3","2015-07-09 15:08:27","robot5","4800","100"
"67","0709150823robot5","-82","zotaci3","2015-07-09 15:08:27","robot5","4800","100"
"68","0709150823robot5","-87","zotacj1","2015-07-09 15:08:27","robot5","4800","100"
"69","0709150823robot5","-72","zotaci2","2015-07-09 15:08:27","robot5","4800","100"
"70","0709150823robot5","-66","zotacB4","2015-07-09 15:08:27","robot5","4800","100"
"71","0709150823robot5","-60","zotacC1","2015-07-09 15:08:27","robot5","4800","100"
"72","0709150823robot5","-68","zotacC3","2015-07-09 15:08:27","robot5","4800","100"
"73","0709150823robot5","-68","zotacE3","2015-07-09 15:08:27","robot5","4800","100"
"74","0709150823robot5","-65","zotacE1","2015-07-09 15:08:27","robot5","4800","100"
"75","0709150823robot5","-67","zotacE4","2015-07-09 15:08:27","robot5","4800","100"
"76","0709150823robot5","-68","zotacF1","2015-07-09 15:08:27","robot5","4800","100"
"77","0709150823robot5","-67","zotacF3","2015-07-09 15:08:27","robot5","4800","100"
"78","0709150823robot5","-82","zotacF4","2015-07-09 15:08:27","robot5","4800","100"
"79","0709150823robot5","-71","zotacF2","2015-07-09 15:08:27","robot5","4800","100"
"80","0709150823robot5","-72","zotacG3","2015-07-09 15:08:27","robot5","4800","100"
"81","0709150823robot5","-83","zotacj4","2015-07-09 15:08:27","robot5","4800","100"
"82","0709150823robot5","-83","zotack1","2015-07-09 15:08:27","robot5","4800","100"
"83","0709150823robot5","-85","zotack2","2015-07-09 15:08:27","robot5","4800","100"
"84","0709150823robot5","-82","zotack3","2015-07-09 15:08:27","robot5","4800","100"
"85","0709150823robot5","-82","zotack4","2015-07-09 15:08:27","robot5","4800","100"
"86","0709150823robot5","-82","zotacj3","2015-07-09 15:08:27","robot5","4800","100"
"87","0709150823robot5","-82","zotacj2","2015-07-09 15:08:27","robot5","4800","100"
"88","0709153504robot5","-62","zotacC2","2015-07-09 15:35:07","robot5","4800","100"
"89","0709153504robot5","-81","zotaci4","2015-07-09 15:35:07","robot5","4800","100"
"90","0709153504robot5","-60","zotacD1","2015-07-09 15:35:07","robot5","4800","100"
"91","0709153504robot5","-62","zotacD2","2015-07-09 15:35:07","robot5","4800","100"
"92","0709153504robot5","-66","zotacD4","2015-07-09 15:35:07","robot5","4800","100"
"93","0709153504robot5","-64","zotacB1","2015-07-09 15:35:07","robot5","4800","100"
"94","0709153504robot5","-74","zotacG2","2015-07-09 15:35:07","robot5","4800","100"
"95","0709153504robot5","-78","zotacH1","2015-07-09 15:35:07","robot5","4800","100"
"96","0709153504robot5","-76","zotacH1","2015-07-09 15:35:07","robot5","4800","100"
"97","0709153504robot5","-75","zotacG1","2015-07-09 15:35:08","robot5","4800","100"
"98","0709153504robot5","-78","zotacG4","2015-07-09 15:35:08","robot5","4800","100"
"99","0709153504robot5","-73","zotaci1","2015-07-09 15:35:08","robot5","4800","100"
"100","0709153504robot5","-68","zotacH3","2015-07-09 15:35:08","robot5","4800","100"
"101","0709153504robot5","-86","zotacj1","2015-07-09 15:35:08","robot5","4800","100"
"102","0709153504robot5","-80","zotaci2","2015-07-09 15:35:08","robot5","4800","100"
"103","0709153504robot5","-67","zotacB4","2015-07-09 15:35:08","robot5","4800","100"
"104","0709153504robot5","-60","zotacC1","2015-07-09 15:35:08","robot5","4800","100"
"105","0709153504robot5","-68","zotacC3","2015-07-09 15:35:08","robot5","4800","100"
"106","0709153504robot5","-63","zotacE3","2015-07-09 15:35:08","robot5","4800","100"
"107","0709153504robot5","-65","zotacE1","2015-07-09 15:35:08","robot5","4800","100"
"108","0709153504robot5","-75","zotacE4","2015-07-09 15:35:08","robot5","4800","100"
"109","0709153504robot5","-69","zotacF1","2015-07-09 15:35:08","robot5","4800","100"
"110","0709153504robot5","-69","zotacF3","2015-07-09 15:35:08","robot5","4800","100"
"111","0709153504robot5","-82","zotacF4","2015-07-09 15:35:08","robot5","4800","100"
"112","0709153504robot5","-71","zotacF2","2015-07-09 15:35:08","robot5","4800","100"
"113","0709153504robot5","-73","zotacG3","2015-07-09 15:35:08","robot5","4800","100"
"114","0709153504robot5","-83","zotacj4","2015-07-09 15:35:08","robot5","4800","100"
"115","0709153504robot5","-86","zotack2","2015-07-09 15:35:08","robot5","4800","100"
"116","0709153504robot5","-83","zotack3","2015-07-09 15:35:08","robot5","4800","100"
"117","0709153504robot5","-77","zotacj3","2015-07-09 15:35:08","robot5","4800","100"
"118","0709153504robot5","-75","zotacj2","2015-07-09 15:35:08","robot5","4800","100"
"119","0709153504robot5","-66","zotacD3","2015-07-09 15:35:08","robot5","4800","100"
"120","0709153504robot5","-81","zotack4","2015-07-09 15:35:08","robot5","4800","100"
"121","0709153504robot5","-64","zotacB3","2015-07-09 15:35:08","robot5","4800","100"
"122","0709153504robot5","-83","zotack1","2015-07-09 15:35:08","robot5","4800","100"
"123","0709154102robot5","-57","zotacC2","2015-07-09 15:41:06","robot5","4782","216"
"124","0709154102robot5","-79","zotaci4","2015-07-09 15:41:06","robot5","4782","216"
"125","0709154102robot5","-61","zotacD1","2015-07-09 15:41:06","robot5","4782","216"
"126","0709154102robot5","-60","zotacD2","2015-07-09 15:41:06","robot5","4782","216"
"127","0709154102robot5","-66","zotacD4","2015-07-09 15:41:06","robot5","4782","216"
"128","0709154102robot5","-62","zotacB1","2015-07-09 15:41:06","robot5","4782","216"
"129","0709154102robot5","-73","zotacG2","2015-07-09 15:41:06","robot5","4782","216"
"130","0709154102robot5","-78","zotacH1","2015-07-09 15:41:06","robot5","4782","216"
"131","0709154102robot5","-78","zotacH1","2015-07-09 15:41:06","robot5","4782","216"
"132","0709154102robot5","-75","zotacG1","2015-07-09 15:41:06","robot5","4782","216"
"133","0709154102robot5","-75","zotacG4","2015-07-09 15:41:06","robot5","4782","216"
"134","0709154102robot5","-80","zotaci1","2015-07-09 15:41:06","robot5","4782","216"
"135","0709154102robot5","-77","zotacH3","2015-07-09 15:41:06","robot5","4782","216"
"136","0709154102robot5","-82","zotacj1","2015-07-09 15:41:06","robot5","4782","216"
"137","0709154102robot5","-70","zotaci2","2015-07-09 15:41:06","robot5","4782","216"
"138","0709154102robot5","-67","zotacB4","2015-07-09 15:41:06","robot5","4782","216"
"139","0709154102robot5","-55","zotacC1","2015-07-09 15:41:06","robot5","4782","216"
"140","0709154102robot5","-68","zotacC3","2015-07-09 15:41:06","robot5","4782","216"
"141","0709154102robot5","-65","zotacE3","2015-07-09 15:41:06","robot5","4782","216"
"142","0709154102robot5","-70","zotacE1","2015-07-09 15:41:06","robot5","4782","216"
"143","0709154102robot5","-66","zotacE4","2015-07-09 15:41:06","robot5","4782","216"
"144","0709154102robot5","-68","zotacF1","2015-07-09 15:41:06","robot5","4782","216"
"145","0709154102robot5","-63","zotacF3","2015-07-09 15:41:06","robot5","4782","216"
"146","0709154102robot5","-73","zotacF4","2015-07-09 15:41:06","robot5","4782","216"
"147","0709154102robot5","-70","zotacF2","2015-07-09 15:41:06","robot5","4782","216"
"148","0709154102robot5","-74","zotacG3","2015-07-09 15:41:06","robot5","4782","216"
"149","0709154102robot5","-84","zotacj4","2015-07-09 15:41:06","robot5","4782","216"
"150","0709154102robot5","-76","zotack2","2015-07-09 15:41:06","robot5","4782","216"
"151","0709154102robot5","-82","zotack3","2015-07-09 15:41:06","robot5","4782","216"
"152","0709154102robot5","-80","zotacj3","2015-07-09 15:41:06","robot5","4782","216"
"153","0709154102robot5","-64","zotacD3","2015-07-09 15:41:06","robot5","4782","216"
"154","0709154102robot5","-85","zotack4","2015-07-09 15:41:06","robot5","4782","216"
"155","0709154102robot5","-83","zotack1","2015-07-09 15:41:06","robot5","4782","216"
"156","0709154102robot5","-67","zotacC4","2015-07-09 15:41:06","robot5","4782","216"
"157","0709154102robot5","-76","zotach4","2015-07-09 15:41:06","robot5","4782","216"
"158","0709154102robot5","-78","zotaci3","2015-07-09 15:41:06","robot5","4782","216"
"159","0709154102robot5","-61","zotacB2","2015-07-09 15:41:06","robot5","4782","216"
"160","0709154102robot5","-82","zotacj2","2015-07-09 15:41:06","robot5","4782","216"
"161","0709154344robot5","-59","zotacC2","2015-07-09 15:43:48","robot5","4798","402"
"162","0709154344robot5","-80","zotaci4","2015-07-09 15:43:48","robot5","4798","402"
"163","0709154344robot5","-63","zotacD1","2015-07-09 15:43:48","robot5","4798","402"
"164","0709154344robot5","-59","zotacD2","2015-07-09 15:43:48","robot5","4798","402"
"165","0709154344robot5","-63","zotacD4","2015-07-09 15:43:48","robot5","4798","402"
"166","0709154344robot5","-75","zotacG2","2015-07-09 15:43:48","robot5","4798","402"
"167","0709154344robot5","-68","zotacH1","2015-07-09 15:43:48","robot5","4798","402"
"168","0709154344robot5","-78","zotacH1","2015-07-09 15:43:48","robot5","4798","402"
"169","0709154344robot5","-70","zotacG1","2015-07-09 15:43:48","robot5","4798","402"
"170","0709154344robot5","-68","zotacG4","2015-07-09 15:43:48","robot5","4798","402"
"171","0709154344robot5","-80","zotaci1","2015-07-09 15:43:48","robot5","4798","402"
"172","0709154344robot5","-76","zotacH3","2015-07-09 15:43:48","robot5","4798","402"
"173","0709154344robot5","-81","zotacj1","2015-07-09 15:43:48","robot5","4798","402"
"174","0709154344robot5","-78","zotaci2","2015-07-09 15:43:48","robot5","4798","402"
"175","0709154344robot5","-68","zotacB4","2015-07-09 15:43:48","robot5","4798","402"
"176","0709154344robot5","-56","zotacC1","2015-07-09 15:43:48","robot5","4798","402"
"177","0709154344robot5","-66","zotacC3","2015-07-09 15:43:48","robot5","4798","402"
"178","0709154344robot5","-65","zotacE3","2015-07-09 15:43:48","robot5","4798","402"
"179","0709154344robot5","-60","zotacE1","2015-07-09 15:43:48","robot5","4798","402"
"180","0709154344robot5","-71","zotacE4","2015-07-09 15:43:48","robot5","4798","402"
"181","0709154344robot5","-65","zotacF1","2015-07-09 15:43:48","robot5","4798","402"
"182","0709154344robot5","-71","zotacF3","2015-07-09 15:43:48","robot5","4798","402"
"183","0709154344robot5","-77","zotacF4","2015-07-09 15:43:48","robot5","4798","402"
"184","0709154344robot5","-66","zotacF2","2015-07-09 15:43:48","robot5","4798","402"
"185","0709154344robot5","-75","zotacG3","2015-07-09 15:43:48","robot5","4798","402"
"186","0709154344robot5","-81","zotacj4","2015-07-09 15:43:48","robot5","4798","402"
"187","0709154344robot5","-81","zotack2","2015-07-09 15:43:48","robot5","4798","402"
"188","0709154344robot5","-85","zotack3","2015-07-09 15:43:48","robot5","4798","402"
"189","0709154344robot5","-79","zotacj3","2015-07-09 15:43:48","robot5","4798","402"
"190","0709154344robot5","-84","zotack4","2015-07-09 15:43:48","robot5","4798","402"
"191","0709154344robot5","-85","zotack1","2015-07-09 15:43:48","robot5","4798","402"
"192","0709154344robot5","-55","zotacC4","2015-07-09 15:43:48","robot5","4798","402"
"193","0709154344robot5","-77","zotach4","2015-07-09 15:43:48","robot5","4798","402"
"194","0709154344robot5","-77","zotaci3","2015-07-09 15:43:48","robot5","4798","402"
"195","0709154344robot5","-62","zotacB2","2015-07-09 15:43:48","robot5","4798","402"
"196","0709154344robot5","-80","zotacj2","2015-07-09 15:43:48","robot5","4798","402"
"197","0709154344robot5","-55","zotacB3","2015-07-09 15:43:48","robot5","4798","402"
"198","0709154817robot5","-58","zotacC2","2015-07-09 15:48:21","robot5","4798","402"
"199","0709154817robot5","-61","zotacD1","2015-07-09 15:48:21","robot5","4798","402"
"200","0709154817robot5","-60","zotacD2","2015-07-09 15:48:21","robot5","4798","402"
"201","0709154817robot5","-63","zotacD4","2015-07-09 15:48:21","robot5","4798","402"
"202","0709154817robot5","-60","zotacG2","2015-07-09 15:48:21","robot5","4798","402"
"203","0709154817robot5","-79","zotacH1","2015-07-09 15:48:21","robot5","4798","402"
"204","0709154817robot5","-80","zotacH1","2015-07-09 15:48:21","robot5","4798","402"
"205","0709154817robot5","-78","zotacG1","2015-07-09 15:48:21","robot5","4798","402"
"206","0709154817robot5","-77","zotacG4","2015-07-09 15:48:21","robot5","4798","402"
"207","0709154817robot5","-81","zotaci1","2015-07-09 15:48:21","robot5","4798","402"
"208","0709154817robot5","-76","zotacH3","2015-07-09 15:48:21","robot5","4798","402"
"209","0709154817robot5","-72","zotacj1","2015-07-09 15:48:21","robot5","4798","402"
"210","0709154817robot5","-79","zotaci2","2015-07-09 15:48:21","robot5","4798","402"
"211","0709154817robot5","-68","zotacB4","2015-07-09 15:48:21","robot5","4798","402"
"212","0709154817robot5","-57","zotacC1","2015-07-09 15:48:21","robot5","4798","402"
"213","0709154817robot5","-58","zotacC3","2015-07-09 15:48:21","robot5","4798","402"
"214","0709154817robot5","-64","zotacE3","2015-07-09 15:48:21","robot5","4798","402"
"215","0709154817robot5","-68","zotacE1","2015-07-09 15:48:21","robot5","4798","402"
"216","0709154817robot5","-70","zotacE4","2015-07-09 15:48:21","robot5","4798","402"
"217","0709154817robot5","-72","zotacF1","2015-07-09 15:48:21","robot5","4798","402"
"218","0709154817robot5","-73","zotacF3","2015-07-09 15:48:21","robot5","4798","402"
"219","0709154817robot5","-76","zotacF4","2015-07-09 15:48:21","robot5","4798","402"
"220","0709154817robot5","-66","zotacF2","2015-07-09 15:48:21","robot5","4798","402"
"221","0709154817robot5","-74","zotacG3","2015-07-09 15:48:21","robot5","4798","402"
"222","0709154817robot5","-83","zotacj4","2015-07-09 15:48:21","robot5","4798","402"
"223","0709154817robot5","-82","zotack2","2015-07-09 15:48:21","robot5","4798","402"
"224","0709154817robot5","-84","zotack3","2015-07-09 15:48:21","robot5","4798","402"
"225","0709154817robot5","-79","zotacj3","2015-07-09 15:48:21","robot5","4798","402"
"226","0709154817robot5","-85","zotack4","2015-07-09 15:48:21","robot5","4798","402"
"227","0709154817robot5","-84","zotack1","2015-07-09 15:48:21","robot5","4798","402"
"228","0709154817robot5","-65","zotacC4","2015-07-09 15:48:21","robot5","4798","402"
"229","0709154817robot5","-78","zotach4","2015-07-09 15:48:21","robot5","4798","402"
"230","0709154817robot5","-70","zotaci3","2015-07-09 15:48:21","robot5","4798","402"
"231","0709154817robot5","-77","zotacB2","2015-07-09 15:48:21","robot5","4798","402"
"232","0709154817robot5","-80","zotacj2","2015-07-09 15:48:21","robot5","4798","402"
"233","0709154817robot5","-65","zotacB3","2015-07-09 15:48:21","robot5","4798","402"
"234","0709154817robot5","-59","zotacD3","2015-07-09 15:48:21","robot5","4798","402"
"235","0709154817robot5","-61","zotacB1","2015-07-09 15:48:21","robot5","4798","402"
"236","0709154827robot5","-55","zotacC2","2015-07-09 15:48:30","robot5","4798","402"
"237","0709154827robot5","-60","zotacD1","2015-07-09 15:48:30","robot5","4798","402"
"238","0709154827robot5","-60","zotacD2","2015-07-09 15:48:30","robot5","4798","402"
"239","0709154827robot5","-61","zotacD4","2015-07-09 15:48:30","robot5","4798","402"
"240","0709154827robot5","-72","zotacG2","2015-07-09 15:48:30","robot5","4798","402"
"241","0709154827robot5","-77","zotacH1","2015-07-09 15:48:30","robot5","4798","402"
"242","0709154827robot5","-70","zotacH1","2015-07-09 15:48:30","robot5","4798","402"
"243","0709154827robot5","-77","zotacG1","2015-07-09 15:48:30","robot5","4798","402"
"244","0709154827robot5","-77","zotacG4","2015-07-09 15:48:30","robot5","4798","402"
"245","0709154827robot5","-81","zotaci1","2015-07-09 15:48:30","robot5","4798","402"
"246","0709154827robot5","-77","zotacH3","2015-07-09 15:48:30","robot5","4798","402"
"247","0709154827robot5","-81","zotacj1","2015-07-09 15:48:30","robot5","4798","402"
"248","0709154827robot5","-79","zotaci2","2015-07-09 15:48:30","robot5","4798","402"
"249","0709154827robot5","-68","zotacB4","2015-07-09 15:48:30","robot5","4798","402"
"250","0709154827robot5","-56","zotacC1","2015-07-09 15:48:30","robot5","4798","402"
"251","0709154827robot5","-65","zotacC3","2015-07-09 15:48:30","robot5","4798","402"
"252","0709154827robot5","-67","zotacE3","2015-07-09 15:48:30","robot5","4798","402"
"253","0709154827robot5","-68","zotacE1","2015-07-09 15:48:30","robot5","4798","402"
"254","0709154827robot5","-70","zotacE4","2015-07-09 15:48:30","robot5","4798","402"
"255","0709154827robot5","-73","zotacF1","2015-07-09 15:48:30","robot5","4798","402"
"256","0709154827robot5","-65","zotacF3","2015-07-09 15:48:30","robot5","4798","402"
"257","0709154827robot5","-71","zotacF4","2015-07-09 15:48:30","robot5","4798","402"
"258","0709154827robot5","-61","zotacF2","2015-07-09 15:48:30","robot5","4798","402"
"259","0709154827robot5","-74","zotacG3","2015-07-09 15:48:30","robot5","4798","402"
"260","0709154827robot5","-83","zotacj4","2015-07-09 15:48:30","robot5","4798","402"
"261","0709154827robot5","-81","zotack2","2015-07-09 15:48:30","robot5","4798","402"
"262","0709154827robot5","-85","zotack3","2015-07-09 15:48:30","robot5","4798","402"
"263","0709154827robot5","-79","zotacj3","2015-07-09 15:48:30","robot5","4798","402"
"264","0709154827robot5","-85","zotack4","2015-07-09 15:48:30","robot5","4798","402"
"265","0709154827robot5","-84","zotack1","2015-07-09 15:48:30","robot5","4798","402"
"266","0709154827robot5","-62","zotacC4","2015-07-09 15:48:30","robot5","4798","402"
"267","0709154827robot5","-74","zotach4","2015-07-09 15:48:30","robot5","4798","402"
"268","0709154827robot5","-77","zotaci3","2015-07-09 15:48:30","robot5","4798","402"
"269","0709154827robot5","-54","zotacB2","2015-07-09 15:48:30","robot5","4798","402"
"270","0709154827robot5","-80","zotacj2","2015-07-09 15:48:30","robot5","4798","402"
"271","0709154827robot5","-65","zotacB3","2015-07-09 15:48:30","robot5","4798","402"
"272","0709154827robot5","-59","zotacD3","2015-07-09 15:48:30","robot5","4798","402"
"273","0709154827robot5","-62","zotacB1","2015-07-09 15:48:30","robot5","4798","402"
"274","0709154827robot5","-69","zotaci4","2015-07-09 15:48:30","robot5","4798","402"
"275","0709155126robot5","-56","zotacC2","2015-07-09 15:51:29","robot5","4599","701"
"276","0709155126robot5","-57","zotacD2","2015-07-09 15:51:29","robot5","4599","701"
"277","0709155126robot5","-61","zotacD4","2015-07-09 15:51:29","robot5","4599","701"
"278","0709155126robot5","-71","zotacG2","2015-07-09 15:51:29","robot5","4599","701"
"279","0709155126robot5","-75","zotacH1","2015-07-09 15:51:29","robot5","4599","701"
"280","0709155126robot5","-75","zotacH1","2015-07-09 15:51:29","robot5","4599","701"
"281","0709155126robot5","-73","zotacG1","2015-07-09 15:51:29","robot5","4599","701"
"282","0709155126robot5","-71","zotacG4","2015-07-09 15:51:29","robot5","4599","701"
"283","0709155126robot5","-79","zotaci1","2015-07-09 15:51:29","robot5","4599","701"
"284","0709155126robot5","-74","zotacH3","2015-07-09 15:51:29","robot5","4599","701"
"285","0709155126robot5","-78","zotacj1","2015-07-09 15:51:29","robot5","4599","701"
"286","0709155126robot5","-69","zotaci2","2015-07-09 15:51:29","robot5","4599","701"
"287","0709155126robot5","-68","zotacB4","2015-07-09 15:51:29","robot5","4599","701"
"288","0709155126robot5","-64","zotacC1","2015-07-09 15:51:29","robot5","4599","701"
"289","0709155126robot5","-63","zotacC3","2015-07-09 15:51:29","robot5","4599","701"
"290","0709155126robot5","-62","zotacE3","2015-07-09 15:51:29","robot5","4599","701"
"291","0709155126robot5","-69","zotacE1","2015-07-09 15:51:29","robot5","4599","701"
"292","0709155126robot5","-64","zotacE4","2015-07-09 15:51:29","robot5","4599","701"
"293","0709155126robot5","-68","zotacF1","2015-07-09 15:51:29","robot5","4599","701"
"294","0709155126robot5","-67","zotacF3","2015-07-09 15:51:29","robot5","4599","701"
"295","0709155126robot5","-76","zotacF4","2015-07-09 15:51:29","robot5","4599","701"
"296","0709155126robot5","-66","zotacF2","2015-07-09 15:51:29","robot5","4599","701"
"297","0709155126robot5","-72","zotacG3","2015-07-09 15:51:29","robot5","4599","701"
"298","0709155126robot5","-79","zotacj4","2015-07-09 15:51:29","robot5","4599","701"
"299","0709155126robot5","-77","zotack2","2015-07-09 15:51:29","robot5","4599","701"
"300","0709155126robot5","-74","zotack3","2015-07-09 15:51:29","robot5","4599","701"
"301","0709155126robot5","-76","zotacj3","2015-07-09 15:51:29","robot5","4599","701"
"302","0709155126robot5","-81","zotack1","2015-07-09 15:51:29","robot5","4599","701"
"303","0709155126robot5","-66","zotacC4","2015-07-09 15:51:29","robot5","4599","701"
"304","0709155126robot5","-65","zotach4","2015-07-09 15:51:29","robot5","4599","701"
"305","0709155126robot5","-76","zotaci3","2015-07-09 15:51:29","robot5","4599","701"
"306","0709155126robot5","-61","zotacB2","2015-07-09 15:51:29","robot5","4599","701"
"307","0709155126robot5","-81","zotacj2","2015-07-09 15:51:29","robot5","4599","701"
"308","0709155126robot5","-61","zotacB3","2015-07-09 15:51:29","robot5","4599","701"
"309","0709155126robot5","-57","zotacD3","2015-07-09 15:51:29","robot5","4599","701"
"310","0709155126robot5","-64","zotacB1","2015-07-09 15:51:29","robot5","4599","701"
"311","0709155126robot5","-77","zotaci4","2015-07-09 15:51:29","robot5","4599","701"
"312","0709155133robot5","-58","zotacC2","2015-07-09 15:51:36","robot5","4599","701"
"313","0709155133robot5","-59","zotacD2","2015-07-09 15:51:36","robot5","4599","701"
"314","0709155133robot5","-65","zotacD4","2015-07-09 15:51:36","robot5","4599","701"
"315","0709155133robot5","-69","zotacG2","2015-07-09 15:51:36","robot5","4599","701"
"316","0709155133robot5","-75","zotacH1","2015-07-09 15:51:36","robot5","4599","701"
"317","0709155133robot5","-76","zotacH1","2015-07-09 15:51:36","robot5","4599","701"
"318","0709155133robot5","-74","zotacG1","2015-07-09 15:51:36","robot5","4599","701"
"319","0709155133robot5","-71","zotacG4","2015-07-09 15:51:36","robot5","4599","701"
"320","0709155133robot5","-70","zotaci1","2015-07-09 15:51:36","robot5","4599","701"
"321","0709155133robot5","-65","zotacH3","2015-07-09 15:51:36","robot5","4599","701"
"322","0709155133robot5","-76","zotacj1","2015-07-09 15:51:36","robot5","4599","701"
"323","0709155133robot5","-79","zotaci2","2015-07-09 15:51:36","robot5","4599","701"
"324","0709155133robot5","-66","zotacB4","2015-07-09 15:51:36","robot5","4599","701"
"325","0709155133robot5","-63","zotacC1","2015-07-09 15:51:36","robot5","4599","701"
"326","0709155133robot5","-62","zotacC3","2015-07-09 15:51:36","robot5","4599","701"
"327","0709155133robot5","-55","zotacE3","2015-07-09 15:51:36","robot5","4599","701"
"328","0709155133robot5","-69","zotacE1","2015-07-09 15:51:36","robot5","4599","701"
"329","0709155133robot5","-70","zotacE4","2015-07-09 15:51:36","robot5","4599","701"
"330","0709155133robot5","-68","zotacF1","2015-07-09 15:51:36","robot5","4599","701"
"331","0709155133robot5","-67","zotacF3","2015-07-09 15:51:36","robot5","4599","701"
"332","0709155133robot5","-76","zotacF4","2015-07-09 15:51:36","robot5","4599","701"
"333","0709155133robot5","-66","zotacF2","2015-07-09 15:51:36","robot5","4599","701"
"334","0709155133robot5","-71","zotacG3","2015-07-09 15:51:36","robot5","4599","701"
"335","0709155133robot5","-78","zotacj4","2015-07-09 15:51:36","robot5","4599","701"
"336","0709155133robot5","-76","zotack2","2015-07-09 15:51:36","robot5","4599","701"
"337","0709155133robot5","-74","zotack3","2015-07-09 15:51:36","robot5","4599","701"
"338","0709155133robot5","-73","zotacj3","2015-07-09 15:51:36","robot5","4599","701"
"339","0709155133robot5","-80","zotack1","2015-07-09 15:51:36","robot5","4599","701"
"340","0709155133robot5","-63","zotacC4","2015-07-09 15:51:36","robot5","4599","701"
"341","0709155133robot5","-73","zotach4","2015-07-09 15:51:36","robot5","4599","701"
"342","0709155133robot5","-77","zotaci3","2015-07-09 15:51:36","robot5","4599","701"
"343","0709155133robot5","-61","zotacB2","2015-07-09 15:51:36","robot5","4599","701"
"344","0709155133robot5","-71","zotacj2","2015-07-09 15:51:36","robot5","4599","701"
"345","0709155133robot5","-61","zotacB3","2015-07-09 15:51:36","robot5","4599","701"
"346","0709155133robot5","-57","zotacD3","2015-07-09 15:51:36","robot5","4599","701"
"347","0709155133robot5","-64","zotacB1","2015-07-09 15:51:36","robot5","4599","701"
"348","0709155133robot5","-77","zotaci4","2015-07-09 15:51:36","robot5","4599","701"
"349","0709155133robot5","-62","zotacD1","2015-07-09 15:51:36","robot5","4599","701"
"350","0709155133robot5","-84","zotack4","2015-07-09 15:51:36","robot5","4599","701"
"351","0709155139robot5","-55","zotacC2","2015-07-09 15:51:42","robot5","4599","701"
"352","0709155139robot5","-56","zotacD2","2015-07-09 15:51:42","robot5","4599","701"
"353","0709155139robot5","-61","zotacD4","2015-07-09 15:51:42","robot5","4599","701"
"354","0709155139robot5","-70","zotacG2","2015-07-09 15:51:42","robot5","4599","701"
"355","0709155139robot5","-74","zotacH1","2015-07-09 15:51:42","robot5","4599","701"
"356","0709155139robot5","-75","zotacH1","2015-07-09 15:51:42","robot5","4599","701"
"357","0709155139robot5","-73","zotacG1","2015-07-09 15:51:42","robot5","4599","701"
"358","0709155139robot5","-70","zotacG4","2015-07-09 15:51:42","robot5","4599","701"
"359","0709155139robot5","-70","zotaci1","2015-07-09 15:51:42","robot5","4599","701"
"360","0709155139robot5","-64","zotacH3","2015-07-09 15:51:42","robot5","4599","701"
"361","0709155139robot5","-77","zotacj1","2015-07-09 15:51:42","robot5","4599","701"
"362","0709155139robot5","-76","zotaci2","2015-07-09 15:51:42","robot5","4599","701"
"363","0709155139robot5","-67","zotacB4","2015-07-09 15:51:42","robot5","4599","701"
"364","0709155139robot5","-62","zotacC1","2015-07-09 15:51:42","robot5","4599","701"
"365","0709155139robot5","-62","zotacC3","2015-07-09 15:51:42","robot5","4599","701"
"366","0709155139robot5","-55","zotacE3","2015-07-09 15:51:42","robot5","4599","701"
"367","0709155139robot5","-69","zotacE1","2015-07-09 15:51:42","robot5","4599","701"
"368","0709155139robot5","-70","zotacE4","2015-07-09 15:51:42","robot5","4599","701"
"369","0709155139robot5","-68","zotacF1","2015-07-09 15:51:42","robot5","4599","701"
"370","0709155139robot5","-68","zotacF3","2015-07-09 15:51:42","robot5","4599","701"
"371","0709155139robot5","-77","zotacF4","2015-07-09 15:51:42","robot5","4599","701"
"372","0709155139robot5","-67","zotacF2","2015-07-09 15:51:42","robot5","4599","701"
"373","0709155139robot5","-71","zotacG3","2015-07-09 15:51:42","robot5","4599","701"
"374","0709155139robot5","-78","zotacj4","2015-07-09 15:51:42","robot5","4599","701"
"375","0709155139robot5","-77","zotack2","2015-07-09 15:51:42","robot5","4599","701"
"376","0709155139robot5","-82","zotack3","2015-07-09 15:51:42","robot5","4599","701"
"377","0709155139robot5","-76","zotacj3","2015-07-09 15:51:42","robot5","4599","701"
"378","0709155139robot5","-81","zotack1","2015-07-09 15:51:42","robot5","4599","701"
"379","0709155139robot5","-62","zotacC4","2015-07-09 15:51:42","robot5","4599","701"
"380","0709155139robot5","-72","zotach4","2015-07-09 15:51:42","robot5","4599","701"
"381","0709155139robot5","-75","zotaci3","2015-07-09 15:51:42","robot5","4599","701"
"382","0709155139robot5","-61","zotacB2","2015-07-09 15:51:42","robot5","4599","701"
"383","0709155139robot5","-79","zotacj2","2015-07-09 15:51:42","robot5","4599","701"
"384","0709155139robot5","-61","zotacB3","2015-07-09 15:51:42","robot5","4599","701"
"385","0709155139robot5","-59","zotacD3","2015-07-09 15:51:42","robot5","4599","701"
"386","0709155139robot5","-54","zotacB1","2015-07-09 15:51:42","robot5","4599","701"
"387","0709155139robot5","-77","zotaci4","2015-07-09 15:51:42","robot5","4599","701"
"388","0709155139robot5","-62","zotacD1","2015-07-09 15:51:42","robot5","4599","701"
"389","0709155139robot5","-85","zotack4","2015-07-09 15:51:42","robot5","4599","701"
"390","0709155532robot5","-69","zotacC2","2015-07-09 15:55:36","robot5","3396","700"
"391","0709155532robot5","-60","zotacD2","2015-07-09 15:55:36","robot5","3396","700"
"392","0709155532robot5","-63","zotacD4","2015-07-09 15:55:36","robot5","3396","700"
"393","0709155532robot5","-65","zotacG2","2015-07-09 15:55:36","robot5","3396","700"
"394","0709155532robot5","-70","zotacH1","2015-07-09 15:55:36","robot5","3396","700"
"395","0709155532robot5","-62","zotacH1","2015-07-09 15:55:36","robot5","3396","700"
"396","0709155532robot5","-66","zotacG1","2015-07-09 15:55:36","robot5","3396","700"
"397","0709155532robot5","-67","zotacG4","2015-07-09 15:55:36","robot5","3396","700"
"398","0709155532robot5","-71","zotaci1","2015-07-09 15:55:36","robot5","3396","700"
"399","0709155532robot5","-71","zotacH3","2015-07-09 15:55:36","robot5","3396","700"
"400","0709155532robot5","-77","zotacj1","2015-07-09 15:55:36","robot5","3396","700"
"401","0709155532robot5","-70","zotaci2","2015-07-09 15:55:36","robot5","3396","700"
"402","0709155532robot5","-74","zotacB4","2015-07-09 15:55:36","robot5","3396","700"
"403","0709155532robot5","-71","zotacC1","2015-07-09 15:55:36","robot5","3396","700"
"404","0709155532robot5","-69","zotacC3","2015-07-09 15:55:36","robot5","3396","700"
"405","0709155532robot5","-64","zotacE3","2015-07-09 15:55:36","robot5","3396","700"
"406","0709155532robot5","-67","zotacE1","2015-07-09 15:55:36","robot5","3396","700"
"407","0709155532robot5","-65","zotacE4","2015-07-09 15:55:36","robot5","3396","700"
"408","0709155532robot5","-62","zotacF1","2015-07-09 15:55:36","robot5","3396","700"
"409","0709155532robot5","-54","zotacF3","2015-07-09 15:55:36","robot5","3396","700"
"410","0709155532robot5","-64","zotacF4","2015-07-09 15:55:36","robot5","3396","700"
"411","0709155532robot5","-58","zotacF2","2015-07-09 15:55:36","robot5","3396","700"
"412","0709155532robot5","-66","zotacG3","2015-07-09 15:55:36","robot5","3396","700"
"413","0709155532robot5","-78","zotacj4","2015-07-09 15:55:36","robot5","3396","700"
"414","0709155532robot5","-76","zotack2","2015-07-09 15:55:36","robot5","3396","700"
"415","0709155532robot5","-72","zotacj3","2015-07-09 15:55:36","robot5","3396","700"
"416","0709155532robot5","-67","zotacC4","2015-07-09 15:55:36","robot5","3396","700"
"417","0709155532robot5","-69","zotach4","2015-07-09 15:55:36","robot5","3396","700"
"418","0709155532robot5","-75","zotaci3","2015-07-09 15:55:36","robot5","3396","700"
"419","0709155532robot5","-58","zotacB2","2015-07-09 15:55:36","robot5","3396","700"
"420","0709155532robot5","-73","zotacj2","2015-07-09 15:55:36","robot5","3396","700"
"421","0709155532robot5","-62","zotacD3","2015-07-09 15:55:36","robot5","3396","700"
"422","0709155532robot5","-66","zotacB1","2015-07-09 15:55:36","robot5","3396","700"
"423","0709155532robot5","-63","zotaci4","2015-07-09 15:55:36","robot5","3396","700"
"424","0709155532robot5","-63","zotacD1","2015-07-09 15:55:36","robot5","3396","700"
"425","0709155539robot5","-66","zotacC2","2015-07-09 15:55:42","robot5","3396","700"
"426","0709155539robot5","-49","zotacD2","2015-07-09 15:55:42","robot5","3396","700"
"427","0709155539robot5","-64","zotacD4","2015-07-09 15:55:42","robot5","3396","700"
"428","0709155539robot5","-66","zotacG2","2015-07-09 15:55:42","robot5","3396","700"
"429","0709155539robot5","-71","zotacH1","2015-07-09 15:55:42","robot5","3396","700"
"430","0709155539robot5","-70","zotacH1","2015-07-09 15:55:42","robot5","3396","700"
"431","0709155539robot5","-57","zotacG1","2015-07-09 15:55:42","robot5","3396","700"
"432","0709155539robot5","-58","zotacG4","2015-07-09 15:55:42","robot5","3396","700"
"433","0709155539robot5","-70","zotaci1","2015-07-09 15:55:42","robot5","3396","700"
"434","0709155539robot5","-69","zotacH3","2015-07-09 15:55:42","robot5","3396","700"
"435","0709155539robot5","-75","zotacj1","2015-07-09 15:55:42","robot5","3396","700"
"436","0709155539robot5","-70","zotaci2","2015-07-09 15:55:42","robot5","3396","700"
"437","0709155539robot5","-73","zotacB4","2015-07-09 15:55:42","robot5","3396","700"
"438","0709155539robot5","-71","zotacC1","2015-07-09 15:55:42","robot5","3396","700"
"439","0709155539robot5","-69","zotacC3","2015-07-09 15:55:42","robot5","3396","700"
"440","0709155539robot5","-64","zotacE3","2015-07-09 15:55:42","robot5","3396","700"
"441","0709155539robot5","-57","zotacE1","2015-07-09 15:55:42","robot5","3396","700"
"442","0709155539robot5","-65","zotacE4","2015-07-09 15:55:42","robot5","3396","700"
"443","0709155539robot5","-55","zotacF1","2015-07-09 15:55:42","robot5","3396","700"
"444","0709155539robot5","-62","zotacF3","2015-07-09 15:55:42","robot5","3396","700"
"445","0709155539robot5","-71","zotacF4","2015-07-09 15:55:42","robot5","3396","700"
"446","0709155539robot5","-59","zotacF2","2015-07-09 15:55:42","robot5","3396","700"
"447","0709155539robot5","-67","zotacG3","2015-07-09 15:55:42","robot5","3396","700"
"448","0709155539robot5","-78","zotacj4","2015-07-09 15:55:42","robot5","3396","700"
"449","0709155539robot5","-74","zotack2","2015-07-09 15:55:42","robot5","3396","700"
"450","0709155539robot5","-73","zotacj3","2015-07-09 15:55:42","robot5","3396","700"
"451","0709155539robot5","-60","zotacC4","2015-07-09 15:55:42","robot5","3396","700"
"452","0709155539robot5","-68","zotach4","2015-07-09 15:55:42","robot5","3396","700"
"453","0709155539robot5","-74","zotaci3","2015-07-09 15:55:42","robot5","3396","700"
"454","0709155539robot5","-68","zotacB2","2015-07-09 15:55:42","robot5","3396","700"
"455","0709155539robot5","-74","zotacj2","2015-07-09 15:55:43","robot5","3396","700"
"456","0709155539robot5","-64","zotacD3","2015-07-09 15:55:43","robot5","3396","700"
"457","0709155539robot5","-66","zotacB1","2015-07-09 15:55:43","robot5","3396","700"
"458","0709155539robot5","-73","zotaci4","2015-07-09 15:55:43","robot5","3396","700"
"459","0709155539robot5","-55","zotacD1","2015-07-09 15:55:43","robot5","3396","700"
"460","0709155539robot5","-67","zotacB3","2015-07-09 15:55:43","robot5","3396","700"
"461","0709155539robot5","-74","zotack1","2015-07-09 15:55:43","robot5","3396","700"
"462","0709155539robot5","-75","zotack3","2015-07-09 15:55:43","robot5","3396","700"
"463","0709155539robot5","-76","zotack4","2015-07-09 15:55:43","robot5","3396","700"
"464","0709155545robot5","-66","zotacC2","2015-07-09 15:55:48","robot5","3396","700"
"465","0709155545robot5","-62","zotacD2","2015-07-09 15:55:48","robot5","3396","700"
"466","0709155545robot5","-64","zotacD4","2015-07-09 15:55:48","robot5","3396","700"
"467","0709155545robot5","-66","zotacG2","2015-07-09 15:55:48","robot5","3396","700"
"468","0709155545robot5","-70","zotacH1","2015-07-09 15:55:48","robot5","3396","700"
"469","0709155545robot5","-70","zotacH1","2015-07-09 15:55:48","robot5","3396","700"
"470","0709155545robot5","-58","zotacG1","2015-07-09 15:55:48","robot5","3396","700"
"471","0709155545robot5","-59","zotacG4","2015-07-09 15:55:48","robot5","3396","700"
"472","0709155545robot5","-70","zotaci1","2015-07-09 15:55:48","robot5","3396","700"
"473","0709155545robot5","-70","zotacH3","2015-07-09 15:55:48","robot5","3396","700"
"474","0709155545robot5","-77","zotacj1","2015-07-09 15:55:48","robot5","3396","700"
"475","0709155545robot5","-73","zotaci2","2015-07-09 15:55:48","robot5","3396","700"
"476","0709155545robot5","-74","zotacB4","2015-07-09 15:55:48","robot5","3396","700"
"477","0709155545robot5","-71","zotacC1","2015-07-09 15:55:48","robot5","3396","700"
"478","0709155545robot5","-70","zotacC3","2015-07-09 15:55:48","robot5","3396","700"
"479","0709155545robot5","-63","zotacE3","2015-07-09 15:55:48","robot5","3396","700"
"480","0709155545robot5","-57","zotacE1","2015-07-09 15:55:48","robot5","3396","700"
"481","0709155545robot5","-65","zotacE4","2015-07-09 15:55:48","robot5","3396","700"
"482","0709155545robot5","-57","zotacF1","2015-07-09 15:55:48","robot5","3396","700"
"483","0709155545robot5","-62","zotacF3","2015-07-09 15:55:48","robot5","3396","700"
"484","0709155545robot5","-70","zotacF4","2015-07-09 15:55:48","robot5","3396","700"
"485","0709155545robot5","-59","zotacF2","2015-07-09 15:55:48","robot5","3396","700"
"486","0709155545robot5","-68","zotacG3","2015-07-09 15:55:49","robot5","3396","700"
"487","0709155545robot5","-77","zotacj4","2015-07-09 15:55:49","robot5","3396","700"
"488","0709155545robot5","-76","zotack2","2015-07-09 15:55:49","robot5","3396","700"
"489","0709155545robot5","-72","zotacj3","2015-07-09 15:55:49","robot5","3396","700"
"490","0709155545robot5","-67","zotacC4","2015-07-09 15:55:49","robot5","3396","700"
"491","0709155545robot5","-69","zotach4","2015-07-09 15:55:49","robot5","3396","700"
"492","0709155545robot5","-73","zotaci3","2015-07-09 15:55:49","robot5","3396","700"
"493","0709155545robot5","-69","zotacB2","2015-07-09 15:55:49","robot5","3396","700"
"494","0709155545robot5","-73","zotacj2","2015-07-09 15:55:49","robot5","3396","700"
"495","0709155545robot5","-64","zotacD3","2015-07-09 15:55:49","robot5","3396","700"
"496","0709155545robot5","-66","zotacB1","2015-07-09 15:55:49","robot5","3396","700"
"497","0709155545robot5","-73","zotaci4","2015-07-09 15:55:49","robot5","3396","700"
"498","0709155545robot5","-55","zotacD1","2015-07-09 15:55:49","robot5","3396","700"
"499","0709155545robot5","-65","zotacB3","2015-07-09 15:55:49","robot5","3396","700"
"500","0709155545robot5","-81","zotack1","2015-07-09 15:55:49","robot5","3396","700"
"501","0709155545robot5","-79","zotack3","2015-07-09 15:55:49","robot5","3396","700"
"502","0709155545robot5","-78","zotack4","2015-07-09 15:55:49","robot5","3396","700"
"503","0709174021robot5","-69","zotacC2","2015-07-09 17:40:24","robot5","4794","403"
"504","0709174021robot5","-77","zotacD2","2015-07-09 17:40:24","robot5","4794","403"
"505","0709174021robot5","-83","zotacD4","2015-07-09 17:40:24","robot5","4794","403"
"506","0709174021robot5","-86","zotacG2","2015-07-09 17:40:24","robot5","4794","403"
"507","0709174021robot5","-83","zotacB4","2015-07-09 17:40:24","robot5","4794","403"
"508","0709174021robot5","-76","zotacC1","2015-07-09 17:40:24","robot5","4794","403"
"509","0709174021robot5","-81","zotacC3","2015-07-09 17:40:24","robot5","4794","403"
"510","0709174021robot5","-87","zotacE3","2015-07-09 17:40:24","robot5","4794","403"
"511","0709174021robot5","-85","zotacE1","2015-07-09 17:40:24","robot5","4794","403"
"512","0709174021robot5","-87","zotacE4","2015-07-09 17:40:24","robot5","4794","403"
"513","0709174021robot5","-87","zotacF1","2015-07-09 17:40:24","robot5","4794","403"
"514","0709174021robot5","-88","zotacF3","2015-07-09 17:40:24","robot5","4794","403"
"515","0709174021robot5","-81","zotacF2","2015-07-09 17:40:24","robot5","4794","403"
"516","0709174021robot5","-81","zotacC4","2015-07-09 17:40:24","robot5","4794","403"
"517","0709174021robot5","-79","zotacD3","2015-07-09 17:40:24","robot5","4794","403"
"518","0709174021robot5","-81","zotacB1","2015-07-09 17:40:24","robot5","4794","403"
"519","0709174021robot5","-77","zotacD1","2015-07-09 17:40:24","robot5","4794","403"
"520","0709174021robot5","-79","zotacB3","2015-07-09 17:40:24","robot5","4794","403"
"521","0709174340robot5","-75","zotacC2","2015-07-09 17:43:43","robot5","5197","824"
"522","0709174340robot5","-79","zotacD2","2015-07-09 17:43:43","robot5","5197","824"
"523","0709174340robot5","-79","zotacD4","2015-07-09 17:43:43","robot5","5197","824"
"524","0709174340robot5","-86","zotacG2","2015-07-09 17:43:43","robot5","5197","824"
"525","0709174340robot5","-80","zotacB4","2015-07-09 17:43:43","robot5","5197","824"
"526","0709174340robot5","-77","zotacC1","2015-07-09 17:43:44","robot5","5197","824"
"527","0709174340robot5","-80","zotacC3","2015-07-09 17:43:44","robot5","5197","824"
"528","0709174340robot5","-86","zotacE3","2015-07-09 17:43:44","robot5","5197","824"
"529","0709174340robot5","-86","zotacE1","2015-07-09 17:43:44","robot5","5197","824"
"530","0709174340robot5","-88","zotacE4","2015-07-09 17:43:44","robot5","5197","824"
"531","0709174340robot5","-87","zotacF1","2015-07-09 17:43:44","robot5","5197","824"
"532","0709174340robot5","-89","zotacF2","2015-07-09 17:43:44","robot5","5197","824"
"533","0709174340robot5","-80","zotacC4","2015-07-09 17:43:44","robot5","5197","824"
"534","0709174340robot5","-77","zotacD3","2015-07-09 17:43:44","robot5","5197","824"
"535","0709174340robot5","-82","zotacB1","2015-07-09 17:43:44","robot5","5197","824"
"536","0709174340robot5","-82","zotacD1","2015-07-09 17:43:44","robot5","5197","824"
"537","0709174340robot5","-77","zotacB3","2015-07-09 17:43:44","robot5","5197","824"
"538","0709174340robot5","-74","zotacB2","2015-07-09 17:43:44","robot5","5197","824"
"539","0709174340robot5","-81","zotacF4","2015-07-09 17:43:44","robot5","5197","824"
"540","0709174340robot5","-88","zotacG3","2015-07-09 17:43:44","robot5","5197","824"
"541","0709174513robot5","-75","zotacC2","2015-07-09 17:45:17","robot5","5197","824"
"542","0709174513robot5","-81","zotacD2","2015-07-09 17:45:17","robot5","5197","824"
"543","0709174513robot5","-80","zotacD4","2015-07-09 17:45:17","robot5","5197","824"
"544","0709174513robot5","-82","zotacB4","2015-07-09 17:45:17","robot5","5197","824"
"545","0709174513robot5","-83","zotacC1","2015-07-09 17:45:17","robot5","5197","824"
"546","0709174513robot5","-80","zotacC3","2015-07-09 17:45:17","robot5","5197","824"
"547","0709174513robot5","-88","zotacE3","2015-07-09 17:45:17","robot5","5197","824"
"548","0709174513robot5","-86","zotacE1","2015-07-09 17:45:17","robot5","5197","824"
"549","0709174513robot5","-87","zotacF1","2015-07-09 17:45:17","robot5","5197","824"
"550","0709174513robot5","-79","zotacF2","2015-07-09 17:45:17","robot5","5197","824"
"551","0709174513robot5","-81","zotacC4","2015-07-09 17:45:17","robot5","5197","824"
"552","0709174513robot5","-79","zotacD3","2015-07-09 17:45:17","robot5","5197","824"
"553","0709174513robot5","-80","zotacB1","2015-07-09 17:45:17","robot5","5197","824"
"554","0709174513robot5","-80","zotacB3","2015-07-09 17:45:17","robot5","5197","824"
"555","0709174513robot5","-74","zotacB2","2015-07-09 17:45:17","robot5","5197","824"
"556","0709174513robot5","-89","zotacF4","2015-07-09 17:45:17","robot5","5197","824"
"557","0709174513robot5","-83","zotacG3","2015-07-09 17:45:17","robot5","5197","824"
"558","0709174538robot5","-74","zotacC2","2015-07-09 17:45:41","robot5","5197","824"
"559","0709174538robot5","-80","zotacD2","2015-07-09 17:45:41","robot5","5197","824"
"560","0709174538robot5","-79","zotacD4","2015-07-09 17:45:41","robot5","5197","824"
"561","0709174538robot5","-75","zotacB4","2015-07-09 17:45:41","robot5","5197","824"
"562","0709174538robot5","-83","zotacC1","2015-07-09 17:45:41","robot5","5197","824"
"563","0709174538robot5","-78","zotacC3","2015-07-09 17:45:41","robot5","5197","824"
"564","0709174538robot5","-85","zotacE3","2015-07-09 17:45:41","robot5","5197","824"
"565","0709174538robot5","-86","zotacE1","2015-07-09 17:45:41","robot5","5197","824"
"566","0709174538robot5","-87","zotacF1","2015-07-09 17:45:41","robot5","5197","824"
"567","0709174538robot5","-86","zotacF2","2015-07-09 17:45:41","robot5","5197","824"
"568","0709174538robot5","-81","zotacC4","2015-07-09 17:45:41","robot5","5197","824"
"569","0709174538robot5","-75","zotacD3","2015-07-09 17:45:41","robot5","5197","824"
"570","0709174538robot5","-82","zotacB1","2015-07-09 17:45:41","robot5","5197","824"
"571","0709174538robot5","-78","zotacB3","2015-07-09 17:45:41","robot5","5197","824"
"572","0709174538robot5","-74","zotacB2","2015-07-09 17:45:41","robot5","5197","824"
"573","0709174538robot5","-87","zotacF4","2015-07-09 17:45:41","robot5","5197","824"
"574","0709174538robot5","-89","zotacG3","2015-07-09 17:45:41","robot5","5197","824"
"575","0709174538robot5","-71","zotacD1","2015-07-09 17:45:41","robot5","5197","824"
"576","0709174817robot5","-73","zotacC2","2015-07-09 17:48:21","robot5","5197","824"
"577","0709174817robot5","-82","zotacB4","2015-07-09 17:48:21","robot5","5197","824"
"578","0709174817robot5","-84","zotacC1","2015-07-09 17:48:21","robot5","5197","824"
"579","0709174817robot5","-81","zotacC3","2015-07-09 17:48:21","robot5","5197","824"
"580","0709174817robot5","-87","zotacE3","2015-07-09 17:48:21","robot5","5197","824"
"581","0709174817robot5","-85","zotacE1","2015-07-09 17:48:21","robot5","5197","824"
"582","0709174817robot5","-87","zotacF1","2015-07-09 17:48:21","robot5","5197","824"
"583","0709174817robot5","-79","zotacD3","2015-07-09 17:48:21","robot5","5197","824"
"584","0709174817robot5","-81","zotacB1","2015-07-09 17:48:21","robot5","5197","824"
"585","0709174817robot5","-78","zotacB3","2015-07-09 17:48:21","robot5","5197","824"
"586","0709174817robot5","-76","zotacB2","2015-07-09 17:48:21","robot5","5197","824"
"587","0709174817robot5","-88","zotacF4","2015-07-09 17:48:21","robot5","5197","824"
"588","0709174817robot5","-82","zotacG3","2015-07-09 17:48:21","robot5","5197","824"
"589","0709174817robot5","-83","zotacD1","2015-07-09 17:48:21","robot5","5197","824"
"590","0709174835robot5","-75","zotacC2","2015-07-09 17:48:38","robot5","5197","824"
"591","0709174835robot5","-73","zotacB4","2015-07-09 17:48:38","robot5","5197","824"
"592","0709174835robot5","-83","zotacC1","2015-07-09 17:48:38","robot5","5197","824"
"593","0709174835robot5","-79","zotacC3","2015-07-09 17:48:38","robot5","5197","824"
"594","0709174835robot5","-86","zotacE3","2015-07-09 17:48:38","robot5","5197","824"
"595","0709174835robot5","-81","zotacE1","2015-07-09 17:48:38","robot5","5197","824"
"596","0709174835robot5","-85","zotacF1","2015-07-09 17:48:38","robot5","5197","824"
"597","0709174835robot5","-78","zotacD3","2015-07-09 17:48:38","robot5","5197","824"
"598","0709174835robot5","-81","zotacB1","2015-07-09 17:48:38","robot5","5197","824"
"599","0709174835robot5","-76","zotacB3","2015-07-09 17:48:38","robot5","5197","824"
"600","0709174835robot5","-75","zotacB2","2015-07-09 17:48:38","robot5","5197","824"
"601","0709174835robot5","-89","zotacF4","2015-07-09 17:48:38","robot5","5197","824"
"602","0709174835robot5","-90","zotacG3","2015-07-09 17:48:38","robot5","5197","824"
"603","0709174835robot5","-83","zotacD1","2015-07-09 17:48:38","robot5","5197","824"
"604","0709174835robot5","-86","zotacG2","2015-07-09 17:48:38","robot5","5197","824"
"605","0709174835robot5","-81","zotacC4","2015-07-09 17:48:38","robot5","5197","824"
"606","0709174835robot5","-79","zotacD2","2015-07-09 17:48:38","robot5","5197","824"
"607","0709174835robot5","-81","zotacD4","2015-07-09 17:48:38","robot5","5197","824"
"608","0709174835robot5","-89","zotacF2","2015-07-09 17:48:38","robot5","5197","824"
"609","0709174852robot5","-75","zotacC2","2015-07-09 17:48:56","robot5","5197","824"
"610","0709174852robot5","-81","zotacB4","2015-07-09 17:48:56","robot5","5197","824"
"611","0709174852robot5","-83","zotacC1","2015-07-09 17:48:56","robot5","5197","824"
"612","0709174852robot5","-79","zotacC3","2015-07-09 17:48:56","robot5","5197","824"
"613","0709174852robot5","-88","zotacE3","2015-07-09 17:48:56","robot5","5197","824"
"614","0709174852robot5","-85","zotacE1","2015-07-09 17:48:56","robot5","5197","824"
"615","0709174852robot5","-86","zotacF1","2015-07-09 17:48:56","robot5","5197","824"
"616","0709174852robot5","-79","zotacD3","2015-07-09 17:48:56","robot5","5197","824"
"617","0709174852robot5","-82","zotacB1","2015-07-09 17:48:56","robot5","5197","824"
"618","0709174852robot5","-78","zotacB3","2015-07-09 17:48:56","robot5","5197","824"
"619","0709174852robot5","-75","zotacB2","2015-07-09 17:48:56","robot5","5197","824"
"620","0709174852robot5","-88","zotacF4","2015-07-09 17:48:56","robot5","5197","824"
"621","0709174852robot5","-90","zotacG3","2015-07-09 17:48:56","robot5","5197","824"
"622","0709174852robot5","-82","zotacD1","2015-07-09 17:48:56","robot5","5197","824"
"623","0709174852robot5","-87","zotacG2","2015-07-09 17:48:56","robot5","5197","824"
"624","0709174852robot5","-79","zotacC4","2015-07-09 17:48:56","robot5","5197","824"
"625","0709174852robot5","-79","zotacD2","2015-07-09 17:48:56","robot5","5197","824"
"626","0709174852robot5","-80","zotacD4","2015-07-09 17:48:56","robot5","5197","824"
"627","0709174852robot5","-89","zotacF2","2015-07-09 17:48:56","robot5","5197","824"
"628","0709175005robot5","-75","zotacC2","2015-07-09 17:50:09","robot5","5197","824"
"629","0709175005robot5","-74","zotacB4","2015-07-09 17:50:09","robot5","5197","824"
"630","0709175005robot5","-85","zotacC1","2015-07-09 17:50:09","robot5","5197","824"
"631","0709175005robot5","-80","zotacC3","2015-07-09 17:50:09","robot5","5197","824"
"632","0709175005robot5","-86","zotacE3","2015-07-09 17:50:09","robot5","5197","824"
"633","0709175005robot5","-79","zotacE1","2015-07-09 17:50:09","robot5","5197","824"
"634","0709175005robot5","-88","zotacF1","2015-07-09 17:50:09","robot5","5197","824"
"635","0709175005robot5","-79","zotacD3","2015-07-09 17:50:09","robot5","5197","824"
"636","0709175005robot5","-83","zotacB1","2015-07-09 17:50:09","robot5","5197","824"
"637","0709175005robot5","-77","zotacB3","2015-07-09 17:50:09","robot5","5197","824"
"638","0709175005robot5","-76","zotacB2","2015-07-09 17:50:09","robot5","5197","824"
"639","0709175005robot5","-88","zotacF4","2015-07-09 17:50:09","robot5","5197","824"
"640","0709175005robot5","-88","zotacG3","2015-07-09 17:50:09","robot5","5197","824"
"641","0709175005robot5","-82","zotacD1","2015-07-09 17:50:09","robot5","5197","824"
"642","0709175005robot5","-88","zotacG2","2015-07-09 17:50:09","robot5","5197","824"
"643","0709175005robot5","-81","zotacC4","2015-07-09 17:50:09","robot5","5197","824"
"644","0709175005robot5","-80","zotacD2","2015-07-09 17:50:09","robot5","5197","824"
"645","0709175005robot5","-79","zotacD4","2015-07-09 17:50:09","robot5","5197","824"
"646","0709175005robot5","-87","zotacF2","2015-07-09 17:50:09","robot5","5197","824"
